,Neighborhood,Alt Bank Name,Alt Bank Lat,Alt Bank Long
0,La Habra Heights,Cashback Loans,33.9253098,-117.8961903
1,La Habra Heights,Check `n Go,33.9314409,-117.9684327
2,Westlake Village,Union Bank,34.1629999,-118.825759
3,Westlake Village,Kinecta Federal Credit Union,34.152877,-118.829536
4,Ladera Heights,Union Bank,34.1546014,-118.7578941
5,Walnut,Western Union,33.9877818,-117.9015977
6,Cerritos,City Cash Services,33.851296,-118.0116322
7,North Whittier,Keith Benson CPA,34.4516613,-118.5755987
8,Castaic Canyons,Cardtronics ATM,34.4930702,-118.6193247
9,Claremont,Money Mart,34.0903933,-117.6692761
10,Claremont,Ontario Check N' Loan,34.0786672,-117.670797
11,Claremont,EZ Cash,34.076344,-117.6907154
12,Claremont,AAA Check Cashing,34.0807101,-117.6894337
13,Claremont,EZ Services,34.0568608,-117.6703747
14,Claremont,Mundo Check Cashing #7,34.0670737,-117.6889961
15,Claremont,Cash 2 Go,34.0553789,-117.6901876
16,Claremont,Walmart Money Center,34.10616570000001,-117.6781846
17,Claremont,Check Cash Loans,34.37913169999999,-118.5284982
18,Claremont,Vallarta Supermarkets,34.380476,-118.543501
19,Santa Clarita,Advance America,34.379307,-118.542241
20,Santa Clarita,Union Bank,34.4121213,-118.5585027
21,Chatsworth,Holmes Investment Inc,34.2568902,-118.60206
22,La Mirada,Cambio Plus Check Cashing,33.8713203,-117.9980344
23,La Mirada,Tienda Mexico Inc,33.8713236,-117.9979655
24,La Mirada,Action One Check Cashing,34.1046967,-117.7493904
25,La Mirada,Express Cash Network,34.11030909999999,-117.7607396
26,La Verne,Check `n Go,34.1075072,-117.7386379
27,Altadena,Check `n Go,34.1789403,-118.131622
28,Encino,MoneyGram,34.6295039,-118.2206091
29,Encino,Advance America,34.66154,-118.20356
30,Encino,Western Union,34.6616319,-118.2024158
31,Quartz Hill,Cardtronics ATM,34.6458414,-118.2200345
32,Quartz Hill,"ATM Network, Inc.",34.6481085,-118.2187852
33,Torrance,Ruby Liquor,33.8349799,-118.3854374
34,Arcadia,In & Out Cash,34.1408649,-118.0730732
35,Rowland Heights,Check Into Cash,33.932884,-117.916409
36,Valinda,Lambert Check Cashing,33.9320942,-117.9427925
37,Valinda,La Habra Check Cashing,33.9390164,-117.9627817
38,Valinda,Enviomex,33.9321841,-117.9356251
39,East La Mirada,ABC Check Cashing & Payday Loans,33.9341631,-117.9325341
40,East La Mirada,ACE Cash Express,33.9402493,-117.9635872
41,Playa Vista,Check Into Cash,34.107733,-117.8240918
42,Duarte,CityLight BulletProof Inc,34.4517321,-118.617226
43,West Carson,Check Into Cash,33.715092,-116.2293627
44,West Carson,Global Cash Access,33.7065475,-116.2251467
45,West Carson,Cashback Loans,33.7152016,-116.2318888
46,West Carson,Union Bank,33.7078714,-116.2744746
47,West Carson,Advance America,33.7076603,-116.2402761
48,West Carson,Cardtronics ATM,33.678494,-116.303129
49,West Carson,Cardtronics ATM,33.6303661,-116.2764752
50,Citrus,Cardtronics ATM,33.7126196,-116.2922652
51,Citrus,Cardtronics ATM,33.7080322,-116.2780309
52,Citrus,Cardtronics ATM,33.7086156,-116.2905295
53,Citrus,Western Union,33.715334,-116.22964
54,Citrus,Walmart Money Center,33.7032763,-116.2812017
55,Citrus,Cardtronics ATM,33.680074,-116.302672
56,Citrus,Cardtronics ATM,33.707777,-116.251777
57,Signal Hill,Check Into Cash,33.8328515,-118.1846665
58,Signal Hill,E Z Check Advance,33.84751850000001,-118.1246003
59,Arleta,Golden Check Cashing,34.0037627,-117.8702519
60,Arleta,Valley Check Cashers,34.009957,-117.8601584
61,West Puente Valley,JMS Cash Service,33.9302291,-117.9952078
62,West Puente Valley,Rashid Check Cashing,33.9249146,-118.0237754
63,West Puente Valley,Check Into Cash,33.918035,-117.99583
64,South Whittier,Speed Check Cashing,33.9190938,-118.0105522
65,Pico-Robertson,California Check Cashing Stores,34.579752,-118.1155947
66,Pico-Robertson,Check Into Cash,34.580089,-118.094966
67,Pico-Robertson,Check `n Go,34.5788132,-118.1266628
68,Pico-Robertson,Payday Advance,34.578974,-118.110535
69,Pico-Robertson,Vallarta Supermarkets,34.580753,-118.0959787
70,Pico-Robertson,Advance America,34.57913,-118.083252
71,Pico-Robertson,Walmart Money Center,34.611589,-118.1449202
72,Beverly Grove,Mundo Check Cashing #1,34.181604,-118.151071
73,Beverly Grove,Continental Currency Services,34.1683081,-118.1319604
74,Beverly Grove,ACE Cash Express,34.1834453,-118.1502713
75,Beverly Grove,Have Cash Advance,34.1692061,-118.1323837
76,Beverly Grove,Hical Financial Group,34.1570521,-118.132634
77,Beverly Grove,Check `n Go,34.136502,-118.1527877
78,Beverly Grove,Check `n Go,34.1122175,-118.1874801
79,Pasadena,EZ Check Advance,33.9903943,-118.4472275
80,Winnetka,Friendly Express Liquor,34.2197904,-118.5729261
81,Norwalk,Freedom 1 Capital,33.9803275,-118.4677141
82,West Whittier-Los Nietos,Monrovia Financial Center,34.1509212,-118.0085074
83,Lopez/Kagel Canyons,Vallarta Supermarkets,34.083206,-117.968746
84,Artesia,Money Mart,33.9578253,-118.0376668
85,Artesia,Memo's Servicios Latinos,33.9189691,-118.0469896
86,Santa Fe Springs,Payday Money Centers- Whittier,33.964675,-118.034851
87,Santa Fe Springs,eDebitDirect,33.9818714,-118.0368597
88,Santa Fe Springs,Speedy Cash,33.9370236,-118.042337
89,Santa Fe Springs,Check Into Cash,33.838913,-118.3632
90,Santa Fe Springs,Merchants Quest,33.7714101,-118.3698241
91,Mid-Wilshire,Catalina Structured Funding,34.2469377,-118.2786382
92,Mid-Wilshire,SDV Liquor Market,34.260003,-118.31365
93,Mount Washington,Continental Currency Services,34.0008871,-118.4680163
94,Mount Washington,A Plus Exchange Inc,34.0157047,-118.4948061
95,Mount Washington,Speedy Cash,33.7356899,-118.2921595
96,Sawtelle,ACE Cash Express,33.7318774,-118.2876853
97,Alondra Park,ACE Cash Express,34.1660459,-118.2876939
98,Glendale,Telegraph Checks SuiteB,33.9383313,-118.0428391
99,Glendale,Su Casa De Cambio,33.964421,-118.0697764
100,San Gabriel,Cash N More,33.9477526,-118.088621
101,Pico Rivera,Texcoman Corporation,34.0693621,-117.9366622
102,Pico Rivera,Cashback Loans,34.0768756,-117.9072994
103,Pico Rivera,DolEx Dollar Express,34.0854894,-117.9672539
104,Pico Rivera,Jims Check Cashing,34.1306997,-118.0258133
105,Pico Rivera,Money Mart,34.1426018,-118.0738191
106,Pico Rivera,Check Into Cash,34.146663,-118.07395
107,Baldwin Park,Check Into Cash,34.140743,-117.977855
108,Baldwin Park,Check `n Go,34.1391505,-117.9816587
109,Baldwin Park,Joshua Liquor & Deli & Jr Market,34.5426775,-117.974035
110,Baldwin Park,California Check Cashing Stores,34.6887471,-118.1335263
111,North El Monte,Pay It Back Check Cashing,34.6894503,-118.1234467
112,North El Monte,Checks Cashed Eastside,34.6892408,-118.1112993
113,North El Monte,Check Into Cash,34.690357,-118.110854
114,North El Monte,West Side Checks Cashed,34.7049163,-118.148928
115,North El Monte,Check Cash Loans,34.6788114,-118.1486239
116,North El Monte,Check Into Cash,34.689767,-118.173302
117,North El Monte,Order Express,34.6745496,-118.1129781
118,North El Monte,ACE Cash Express,34.689555,-118.1461079
119,North El Monte,Cash B4 Payday,34.688721,-118.097741
120,North El Monte,Cash 1,34.6745653,-118.1507408
121,North El Monte,Cash It Quick,34.67439299999999,-118.1440417
122,North El Monte,A Data Check,34.6971655,-118.1383104
123,North El Monte,ACE Cash Express,34.7053217,-118.1641868
124,North El Monte,Speedy Cash,34.7043166,-118.1492524
125,North El Monte,ACE Cash Express,34.67270269999999,-118.1471621
126,North El Monte,Check `n Go,34.6743266,-118.1675781
127,North El Monte,Check Cashing Payday Advance,34.6892176,-118.1112137
128,North El Monte,California Check Cashing Stores,34.0472239,-117.9490484
129,Sun Village,Su Casa De Cambio,34.0124271,-117.9242273
130,Lancaster,Pay It Back Check Cashing,34.0360891,-117.9258684
131,Lancaster,Check And Cash,34.0365032,-117.94995
132,Lancaster,Qua Mart Group Co,34.0534297,-117.953879
133,Lancaster,Check Into Cash,34.0458544,-117.9632567
134,Lancaster,ACE Cash Express,34.0458552,-117.9492398
135,Lancaster,Cashback Loans,34.0333692,-117.9145951
136,Lancaster,Moneytree,34.0521656,-117.9441591
137,Lancaster,Cashback Loans,34.0639267,-117.9671328
138,Lancaster,Check `n Go,34.0522676,-117.9431858
139,Montecito Heights,Money Mart,34.1849513,-118.3387393
140,Monterey Park,Cash It Quick,34.1870896,-118.536555
141,Monterey Park,Payday Advance,34.1722193,-118.5364929
142,Monterey Park,Payday Advance,34.1870453,-118.536217
143,Monterey Park,Payroll Advance,34.2007043,-118.5362278
144,Monterey Park,Gift Card EXCHANGE,34.1870896,-118.536555
145,Silver Lake,Continental Currency Services,34.0436883,-117.7504171
146,Silver Lake,C-1 Check Cashing,34.0642988,-117.7186457
147,Silver Lake,MMZ Check Cashing & Western Union,34.0619147,-117.7384144
148,Silver Lake,MLA Payday Advance,34.0326796,-117.7076424
149,Silver Lake,Quick Cash Advance,34.0482731,-117.7503025
150,Silver Lake,Check Into Cash,34.074684,-117.718734
151,Silver Lake,Quick Cash Service,34.0635669,-117.6966595
152,Silver Lake,Varr Jon,34.05713,-117.75203
153,Silver Lake,American Check Cashing,34.0624915,-117.7872462
154,Silver Lake,A A Check Cashing,34.0309521,-117.7484778
155,Silver Lake,Aloe Loan Services,34.0798746,-117.7203411
156,Silver Lake,ACE Cash Express,34.0553694,-117.7548064
157,Silver Lake,ACE Cash Express,34.0897022,-117.7375732
158,Silver Lake,Speedy Cash,34.0882564,-117.6975288
159,Silver Lake,Check 2 Cash Garey,34.0618661,-117.7500601
160,Silver Lake,ACE Cash Express,34.0637058,-117.719871
161,San Fernando,Continental Currency Services,33.9127076,-118.0812643
162,Atwater Village,Money Mart,33.9028536,-118.0986295
163,Atwater Village,Check Into Cash,33.902792,-118.08861
164,Atwater Village,Dhaka Liquor & Market,33.91687599999999,-118.100012
165,Atwater Village,ACE Cash Express,33.917382,-118.0820613
166,Atwater Village,Rosecrans Spirit Shop,33.9018253,-118.0994438
167,Bellflower,Pay It Back Check Cashing,34.0893934,-117.9260966
168,Bellflower,Check Into Cash,34.090686,-117.908272
169,Bellflower,H & J Chekcashing,34.11488569999999,-117.9040727
170,Bellflower,ACE Cash Express,34.1070265,-117.8908244
171,Bellflower,Cashback Loans,34.1064556,-117.8907718
172,Bellflower,Cash In A Flash,34.12919280000001,-117.8642391
173,Bellflower,Check `n Go,34.0976863,-117.8899688
174,Bellflower,Western Union,34.1148469,-117.9042343
175,Bellflower,Check `n Go,34.0878977,-117.957972
176,Bellflower,E Z Check Advance,34.1310636,-118.0729735
177,Avalon,Moo Loans LLC,34.1363812,-118.362165
178,Avalon,No 1 Liquor Mart,33.8687434,-118.3823549
179,Gardena,CFIN,34.0873273,-118.3807165
180,Gardena,New Tower Check Cashing Pico Rivera,34.0002121,-118.0806548
181,West Hollywood,Cash & Go,34.002278,-118.085541
182,West Hollywood,Check Into Cash,34.0185165,-118.1106633
183,West Hollywood,Continental Currency Services,33.9710996,-118.0659466
184,West Hollywood,Pay It Back Check Cashing,33.9706833,-118.0687857
185,West Hollywood,Speedy Cash,33.9855282,-118.1007781
186,Montebello,Money Mart,34.2210004,-118.5355901
187,Montebello,Natalie Payday Advance Inc,34.2007043,-118.5362278
188,Montebello,Check Into Cash,34.221142,-118.537484
189,Montebello,Check Into Cash,34.273147,-118.485271
190,Montebello,Vista Check Cashing,34.2015718,-118.5200128
191,Montebello,ACE Cash Express,34.2009285,-118.5358687
192,Montebello,Speedy Cash,34.1933392,-118.535883
193,North Hills,Cardtronics ATM,34.7549443,-118.2902606
194,North Hills,Topanga Check Cashing Services,34.202237,-118.6061851
195,North Hills,The Check Cashing Co.,34.2215091,-118.6053882
196,North Hills,Cash Plus,34.2189598,-118.5889048
197,North Hills,Check Into Cash,34.200663,-118.561295
198,North Hills,Thrifty Check Cashing,34.220633,-118.569595
199,North Hills,Canoga Park - Los Angeles Check Cashing,34.2342348,-118.5889291
200,North Hills,Asap Tampa,34.2080285,-118.5530868
201,North Hills,Title Loan,34.2015595,-118.597408
202,North Hills,Speedy Cash,34.2014263,-118.5973956
203,North Hills,Dynamic Merchant Solutions,34.2007256,-118.607771
204,North Hills,ACE Cash Express,34.2093843,-118.5717289
205,North Hills,ACE Cash Express,34.2286568,-118.5625523
206,North Hills,Green River Industries,34.2080724,-118.5747226
207,North Hills,Dorose Liquors # 2,34.2495893,-118.5896806
208,North Hills,Check `n Go,34.2350409,-118.5522095
209,North Hills,Check `n Go,34.2006776,-118.56415
210,North Hills,Continental Currency Services,33.7754841,-118.1884402
211,North Hills,Amigo Check Cashing,33.7819229,-118.187584
212,North Hills,Money Mart,33.7986948,-118.1899325
213,North Hills,Continental Currency Services,33.7827424,-118.1898942
214,North Hills,The Check Cashers # 1,33.782858,-118.191923
215,North Hills,Money Mart,33.7902821,-118.1801316
216,North Hills,Any Kind Check Cashing,33.7904712,-118.1799657
217,North Hills,ACE Cash Express,33.7820618,-118.1543982
218,North Hills,ACE Cash Express,33.7896684,-118.1953212
219,Northeast Antelope Valley,"Electracash, Inc.",33.8030452,-118.1683724
220,Canoga Park,ACE Cash Express,33.7828705,-118.1521653
221,Canoga Park,Check `n Go,33.7882481,-118.1888232
222,Los Feliz,Continental Currency Services,34.0163704,-118.4056484
223,Los Feliz,Westwood Check Cashing Etc,34.044486,-118.431904
224,Los Feliz,Ralph's Money Services,34.0633798,-118.4437048
225,Los Feliz,Valencia Loan Co,34.0683809,-118.4057856
226,Los Feliz,Money Mart,34.04080709999999,-118.463821
227,Los Feliz,City Credit Co,34.0652006,-118.3987662
228,Los Feliz,U-Cash Systems Inc,34.0509222,-118.4600058
229,Los Feliz,Check Into Cash,34.02066200000001,-118.404567
230,Los Feliz,ACE Cash Express,34.027604,-118.4291652
231,Los Feliz,ACE Cash Express,33.99323940000001,-118.4143476
232,Los Feliz,Speedy Cash,34.0198981,-118.4038873
233,Palms,Money Mart,33.8897425,-118.1248715
234,Palms,E-Z Cash Advance,33.8464671,-118.1590215
235,Glassell Park,Check Into Cash,33.902574,-118.135196
236,Glassell Park,4 in One Store,33.859421,-118.143533
237,Glassell Park,Any Kind Check Cashing Ce,33.8897425,-118.1248715
238,Glassell Park,Golden Check Cashing,33.8476113,-118.2124428
239,Glassell Park,ACE Cash Express,33.8743818,-118.14237
240,Paramount,Check `n Go,33.9175546,-118.1405441
241,Paramount,Check `n Go,33.8518052,-118.144175
242,Paramount,Check `n Go,34.1027517,-118.1031875
243,Paramount,California Check Cashing Stores,34.2758879,-118.3969798
244,Paramount,Continental Currency Services,34.2750342,-118.4125222
245,Paramount,Sharmeen Enterprises Inc,34.2592044,-118.4319707
246,Paramount,City Cash Checkers,34.2767691,-118.4104684
247,Paramount,ACE Cash Express,34.2829242,-118.4398644
248,Paramount,ACE Cash Express,34.3092397,-118.4318222
249,Paramount,Speedy Cash,34.2660882,-118.4223883
250,Rosemead,Check Into Cash,34.143037,-118.247316
251,Rosemead,A to Z Check Cashing / Translator,34.1460271,-118.2470629
252,Rosemead,E Z Services Call,34.1449004,-118.2483232
253,Pacoima,1 800 Title Loan,34.1430415,-118.2472073
254,South Gate,Digital Currency,33.8331739,-118.2590659
255,West Compton,ACE Cash Express,33.8478648,-118.2635735
256,West Compton,Western Avenue Check Cashing,33.8670499,-118.3089957
257,West Compton,"Red Door Investment's Notary Public, Income Tax, Live Scan services, and wedding officiants.",33.8814264,-118.2908783
258,Larchmont,Continental Currency Services,34.0649544,-118.0901102
259,Larchmont,Endless Trading Co,34.0631444,-118.0668224
260,Larchmont,G and Z Market and Check Cashing,34.0417789,-118.0919267
261,Larchmont,Jack's Check Cashing,33.8322091,-118.0715892
262,Larchmont,E Money Express Inc,33.8317431,-118.0728579
263,Larchmont,Cash 1,33.8742813,-118.1256254
264,Larchmont,Casa De Cambio Duron,33.8305949,-118.0725328
265,Larchmont,More Than Cash Inc,33.8425506,-118.1233856
266,Larchmont,Check Into Cash,33.816455,-118.04522
267,Larchmont,Check Into Cash,33.857317,-118.117538
268,Larchmont,Check Into Cash,33.8321016,-118.0743166
269,Larchmont,E Z Money Solutions,33.8103362,-118.0639351
270,Larchmont,Payday Money Centers- Los Alamitos,33.803557,-118.075448
271,Larchmont,Speedy Cash,33.8605158,-118.1264621
272,Larchmont,Kling & Pathak LLP,33.8687061,-118.0618233
273,Inglewood,ACE Cash Express,34.0104326,-118.1110578
274,Commerce,California Check Cashing Stores,34.1646262,-118.370823
275,Commerce,Continental Currency Services,34.2165196,-118.3700783
276,Commerce,Vineland Wine Cellar,34.1799276,-118.3701126
277,Commerce,Checker Cash,34.2147736,-118.3631349
278,Commerce,Golden Check Cashing Inc.,34.22822,-118.365802
279,Commerce,Vineland Check Cashing-Sun Valley,34.2087324,-118.3698666
280,Commerce,ACE Cash Express,34.1813624,-118.3843078
281,Leimert Park,Check Cashing,34.1394643,-118.2133752
282,Leimert Park,Continental Currency Services,34.15837,-118.1409259
283,Leimert Park,Digital Currency,34.09576730000001,-118.1579318
284,Leimert Park,Lucky Money,34.1412091,-118.2253571
285,Leimert Park,Cash 1,34.1581921,-118.132705
286,Leimert Park,ACE Cash Express,34.0770677,-118.1420454
287,Leimert Park,Cashback Loans,34.1147989,-118.1814319
288,Leimert Park,Lankershim Check Cashing Services,34.2043182,-118.3886443
289,Leimert Park,PLS Check Cashing,34.2468629,-118.447763
290,Leimert Park,The Check Cashing Place,34.2471689,-118.420198
291,Leimert Park,California Check Cashing Stores,34.1942773,-118.3882869
292,Leimert Park,CFSC,34.247169,-118.420198
293,Leimert Park,La Mexicana Check Cashing,34.2704397,-118.4169129
294,Leimert Park,Bronco's Check Cashing,34.257922,-118.431711
295,Leimert Park,Laura's Services,34.2642656,-118.4241858
296,Leimert Park,Speedy Cash,34.2561037,-118.4677272
297,Highland Park,Payday Plus,34.2571646,-118.4681364
298,Highland Park,ACE Cash Express,34.2167162,-118.3880107
299,Highland Park,Check `n Go,34.2465671,-118.446356
300,Highland Park,Alondra Quick Check,33.888467,-118.15109
301,Panorama City,Continental Currency Services,33.875673,-118.1527709
302,Panorama City,Continental Currency Services,33.9039823,-118.1426247
303,Panorama City,"E Money Express, Inc.",33.904121,-118.1512662
304,Panorama City,A Plus Check Cashing And Western Union,34.0808669,-118.0580682
305,Panorama City,Cambio Plus Check Cashing,34.0648504,-118.0227354
306,Panorama City,El Monte Check Cashing,34.0785512,-118.0502671
307,Panorama City,Dos Amigos Check Cashing,34.0472617,-118.029796
308,Panorama City,Giromex Check Cashing,34.0757051,-118.0395548
309,Panorama City,Check Into Cash,34.061791,-118.018526
310,Panorama City,ACE Cash Express,34.0625209,-118.0441119
311,Panorama City,Order Express,34.074873,-118.0389927
312,Panorama City,Multi-Services,34.062188,-118.0466293
313,Panorama City,Check Into Cash,34.114086,-118.072535
314,Panorama City,ACE Cash Express,34.0635745,-118.020828
315,East Compton,Speedy Cash,34.0918427,-118.0261662
316,East Compton,Cashback Loans,34.1131552,-118.0740587
317,Mid-City,Money Mart,33.8731601,-118.3261011
318,Mid-City,Money Mart,33.883349,-118.3521625
319,Mid-City,Safe Check,33.8881051,-118.3751002
320,Mid-City,Check `n Go,33.8737671,-118.3540212
321,Mid-City,Community Check Cashing,33.854772,-118.1853471
322,Mid-City,Ace Money Order,33.9029322,-118.1681064
323,Mid-City,Easy Cash Systems LLC,33.889395,-118.184509
324,Hawthorne,ACE Cash Express,33.8736196,-118.1869587
325,Hawthorne,ACE Cash Express,33.8584624,-118.2656898
326,Hawthorne,ACE Cash Express,33.888371,-118.2078745
327,Hawthorne,Moneytree,33.861097,-118.166906
328,Compton,ACE Cash Express,34.13617139999999,-118.2160797
329,Compton,Su Casa de Cambio,33.9690551,-118.0974929
330,Compton,Payday Money Centers- Downey,33.966315,-118.116378
331,Maywood,The Check Cashing Co.,34.2008842,-118.418687
332,Maywood,PLS Check Cashing,34.1940649,-118.4489902
333,Maywood,Louies Liquor & Check Cashing,34.1942023,-118.4921795
334,Maywood,24-7cashadvance,34.154794,-118.476573
335,Maywood,Super Plus Check Cashing,34.2284465,-118.4648702
336,Maywood,Money Mart,34.220819,-118.4681137
337,Maywood,Community Check Cashing,34.1936741,-118.4394595
338,Maywood,La Check Cashers,34.2323372,-118.468095
339,Maywood,Sherman Oaks - Los Angeles Check Cashing,34.1523723,-118.4607954
340,Maywood,Ariva Check Express,34.1942795,-118.4307771
341,Maywood,Cashnet Financial Services Center,34.20158500000001,-118.482986
342,Maywood,Check Into Cash,34.234696,-118.467006
343,Maywood,Valley Cash Depot,34.1944335,-118.431756
344,Maywood,Continental Currency Services,34.1863679,-118.3967084
345,Maywood,Universal Service Exchange Inc,34.1870061,-118.4406994
346,Maywood,Doc's Cash Services,34.2151369,-118.396782
347,Maywood,Continental Currency Services,34.2356916,-118.4498512
348,Maywood,Papa Cash,34.186959,-118.449045
349,Maywood,E A Bioxpress California LLC,34.1996145,-118.4477979
350,Maywood,ACE Cash Express,34.2010057,-118.4497558
351,Maywood,ACE Cash Express,34.2220205,-118.4485074
352,Maywood,Cash Plus,34.2348013,-118.4839146
353,Maywood,ACE Cash Express,34.2014406,-118.4116672
354,Maywood,Speedy Cash,34.2014248,-118.5015498
355,Maywood,Speedy Cash,34.2008336,-118.4322143
356,Maywood,Speedy Cash,34.2209743,-118.396723
357,Maywood,Speedy Cash,34.2137069,-118.4491876
358,Maywood,Cash Expres (CE Loans),34.222399,-118.4672465
359,Maywood,La Mexicana Check Cashing 3,34.1868505,-118.446278
360,Maywood,Check Cash Payday Loan,34.1977095,-118.3960673
361,Maywood,Payday Advance,34.2007796,-118.4089851
362,Maywood,Jet Cash Loans,34.1941359,-118.491832
363,Maywood,California Check Cashing Stores,33.7796424,-118.2645516
364,Maywood,One Stop Checks Cashed,33.8018909,-118.2150942
365,Maywood,World Check Cashing Services,33.7909066,-118.2736943
366,Maywood,Gaffey Check Cashing,33.7411126,-118.2921103
367,Maywood,Tienda Durango (Casa DE CAmbio),33.8041285,-118.216315
368,Maywood,Tienda Mi Mexico,33.7905968,-118.2667476
369,Maywood,Smart Payday Loan,33.7527196,-118.3094479
370,Maywood,Ria Check Cashing,33.7906903,-118.2661896
371,Maywood,California Cash,33.831896,-118.298066
372,Maywood,Check Into Cash,33.811283,-118.264729
373,Maywood,Comet,33.7908172,-118.275435
374,Maywood,Papa Cash,33.7796347,-118.2645166
375,Maywood,ACE Cash Express,33.7897027,-118.3002513
376,Maywood,ACE Cash Express,33.7791518,-118.2743789
377,Van Nuys,ACE Cash Express,33.7797638,-118.2627033
378,Van Nuys,Speedy Cash,33.7803115,-118.2646649
379,Van Nuys,ACE Cash Express,33.831282,-118.3083048
380,Van Nuys,Check `n Go,33.8165465,-118.3097881
381,Van Nuys,Check `n Go,33.827624,-118.2642065
382,Hyde Park,Order Express,33.9738729,-118.2240071
383,Huntington Park,Continental Currency Services,33.9705546,-118.1633341
384,Huntington Park,E-Z Check Cashing,33.956637,-118.1606898
385,Huntington Park,Bell Garden Check Cashing,33.9636777,-118.1657975
386,Huntington Park,Alamo Loans,33.9372725,-118.1298234
387,Huntington Park,ACE Cash Express,33.9668363,-118.1577426
388,Huntington Park,Check Into Cash,33.955127,-118.129146
389,Huntington Park,Speedy Cash,33.9173641,-118.1384465
390,Huntington Park,California Check Cashing Stores,33.9954602,-118.1193505
391,Huntington Park,Yoddys Check Cashing,34.0271498,-118.1457606
392,Huntington Park,Continental Currency Services,34.018899,-118.149532
393,Cudahy,Su Casa De Cambio,34.0119007,-118.1311006
394,Cudahy,Speedy Paycheck Advance,34.0340565,-118.1510994
395,Cudahy,Mario's Check Cashing,33.9909481,-118.1217975
396,Cudahy,ACE Cash Express,34.0305852,-118.1516282
397,Cudahy,Su Casa de Cambio,34.0143079,-118.1269614
398,Cudahy,Southland Federal Enterprises,34.0332162,-118.1529494
399,Cudahy,Utility Payment Center,34.021649,-118.1640872
400,Cudahy,ACE Cash Express,34.0229413,-118.1343389
401,Cudahy,Speedy Cash,34.040927,-118.190882
402,East Los Angeles,Central Check Cashing,33.872006,-118.2489391
403,East Los Angeles,Ccs Checks cashed,33.8957605,-118.2228538
404,West Adams,Cash Plus,33.924425,-118.3948852
405,Baldwin Hills/Crenshaw,Kinecta Federal Credit Union HQ,33.90133429999999,-118.3892509
406,Baldwin Hills/Crenshaw,America Cash Recovery Systems,33.9591908,-118.3914552
407,Baldwin Hills/Crenshaw,ACE Cash Express,33.9161912,-118.36062
408,Baldwin Hills/Crenshaw,Envios de Dinero Check Cashing,33.9348286,-118.3528345
409,Echo Park,The Check Cashing Place,33.9747742,-118.3579226
410,Exposition Park,La Cienega - Los Angeles Check Cashing,34.0730961,-118.3769697
411,Exposition Park,PayPal,34.0927042,-118.3782864
412,Exposition Park,Spartan Payday Loan LLC,34.0873273,-118.3807165
413,Exposition Park,Check Cashing,34.0203329,-118.1581001
414,Exposition Park,Pirmera Check Cashing,34.0220091,-118.1661126
415,Exposition Park,A to Z,34.0165035,-118.1613984
416,Hollywood,Check Into Cash,34.02063,-118.160524
417,Hollywood,PLS Check Cashing,34.020716,-118.1570095
418,Hollywood,Digital Currency Services,34.0307,-118.2206
419,Hollywood,ACE Cash Express,33.9900607,-118.185113
420,Hollywood,Mundo Check Cashing #2,34.0224594,-118.1571196
421,Hollywood,ACE Cash Express,33.9879767,-118.1859585
422,Boyle Heights,PLS Check Cashing,33.9447177,-118.3524055
423,Boyle Heights,Money Mart,33.9268622,-118.3519662
424,Jefferson Park,El Zorro Check Cashing,33.9383604,-118.3533972
425,Jefferson Park,ACE Cash Express,33.9615406,-118.3538019
426,Jefferson Park,Cash 1,33.9009244,-118.3521854
427,Jefferson Park,Cash In A Flash,33.9747742,-118.3579226
428,Jefferson Park,Cash Depot,33.9159242,-118.3530065
429,Central-Alameda,Continental Currency Services,34.0211237,-118.3726737
430,Arlington Heights,PLS Check Cashing & Transportation Services,33.8948649,-118.3442329
431,Arlington Heights,K 3 Alliance Inc,33.8920118,-118.2952443
432,Arlington Heights,Hawthorn Quick Check,33.9159862,-118.3441364
433,Arlington Heights,Orange Rocket,33.8925035,-118.3088494
434,Green Meadows,ACE Cash Express,33.9004756,-118.3427133
435,Vermont Vista,Speedy Cash,33.989212,-118.3347094
436,Historic South-Central,Check Into Cash,34.088766,-118.170713
437,Historic South-Central,ACE Cash Express,34.0869983,-118.1753333
438,Historic South-Central,Cash It Here Inc,34.0466477,-118.2070009
439,Historic South-Central,ACE Cash Express,34.0206312,-118.3560162
440,Lincoln Heights,Hollywood Check Cashing,34.0975368,-118.3430917
441,Koreatown,Continental Currency Services,34.1336388,-118.2552002
442,Koreatown,Money Mart,34.0983065,-118.3326283
443,Koreatown,Zest Cash Inc,34.0982078,-118.3298353
444,Koreatown,Cash It Here Inc,34.1017613,-118.3332219
445,Koreatown,71 Fund,34.090641,-118.3049108
446,Koreatown,Servimax,34.0910449,-118.3080219
447,Koreatown,Continental Currency Services,34.1018176,-118.3331857
448,Koreatown,ACE Cash Express,34.0475036,-118.344567
449,East Hollywood,Continental Currency Services,33.9892473,-118.3312428
450,East Hollywood,ACE Cash Express,34.0296146,-118.334594
451,Vermont Square,PLS Check Cashing,34.0322482,-118.3515703
452,Broadway-Manchester,Money Mart,34.040072,-118.3471959
453,Broadway-Manchester,Dinero Rapido Check Casting,34.0505804,-118.3439031
454,Broadway-Manchester,Cash N Run,34.0509341,-118.3446563
455,Broadway-Manchester,W & S Global International,34.0440719,-118.3005384
456,Broadway-Manchester,Ralph's Money Services,34.0202102,-118.3546423
457,Adams-Normandie,The Check Cashers #2,33.9307339,-118.2874005
458,South Park,Maywood Quik Check,33.9884883,-118.2029521
459,South Park,Cambio Plus Check Cashing,33.9888606,-118.2009984
460,South Park,Money Express,33.9740226,-118.2250828
461,South Park,A Check Cashing,33.9877048,-118.1936509
462,South Park,Speedy Cash,34.004037,-118.2732041
463,South Park,California Check Cashing Stores,34.1156222,-118.2462207
464,Florence,ACE Cash Express,34.1142096,-118.2446019
465,Florence,California Check Cashing Stores,33.9741936,-118.3312663
466,Florence,Continental Currency Services,33.9601758,-118.3201451
467,Florence,Avalon Check Cashing,33.9352724,-118.3435285
468,Florence,ACE Cash Express,33.9341686,-118.3269491
469,Florence,Continental Currency Services,34.0078647,-118.3363782
470,Florence,Continental Currency Services,33.9330086,-118.3261619
471,Florence,California Check Cashing Stores,33.9162903,-118.3272134
472,Florence,Avalon Check Cashing,33.945717,-118.3483566
473,Florence,Emmett Cash & Associates,33.9529017,-118.3282181
474,Florence,Western AVE Check Cashing Services,33.9170224,-118.3088885
475,Florence,ACE Cash Express,33.9314238,-118.300008
476,Vermont Knolls,Compremex,34.0603095,-118.2743849
477,Vermont Knolls,Digital Currency Services,34.0726686,-118.291486
478,Vermont Knolls,ACE Cash Express,34.0986124,-118.3119302
479,Westlake,Rose Vine Exchange,34.0847337,-118.3263203
480,Westlake,East Hollywood Currency Services,34.0905512,-118.3103498
481,Westlake,Enbioxpress California LLC,34.090525,-118.308732
482,Westlake,Digital Currency Services Inc,34.039774,-118.2921629
483,Westlake,Cash For Gold,34.04759110000001,-118.3087036
484,Westlake,The Check Cashing,33.9307225,-118.2874643
485,Westlake,PLS Check Cashing,33.9728452,-118.2097472
486,Westlake,Continental Currency Services,33.9268394,-118.2387506
487,Westlake,Continental Currency Services,33.9036359,-118.2376684
488,Westlake,California Check Cashing Stores,33.9836274,-118.1855694
489,Westlake,Money Mart,33.9594739,-118.2912797
490,Westlake,Su Casa de Cambio - Huntington Park,33.9834398,-118.2254125
491,Westlake,Goyo's Check Cashing,33.930218,-118.205193
492,Westlake,The Check Cashers #3,33.9458228,-118.2743602
493,Westlake,Continental Currency Services,33.9438561,-118.244298
494,Westlake,The Check Cashing Place,33.9739763,-118.2249589
495,Westlake,Midtown Check Cashing,33.9745009,-118.2781537
496,Westlake,K & W Check Cashing,33.9025904,-118.2922435
497,Westlake,Wil Y Gra Check Cashing,33.9394123,-118.2138174
498,Westlake,Gage Check Cashing,33.9823202,-118.2387771
499,Westlake,"E Money Express, Inc.",33.9334949,-118.2656389
500,Westlake,Florence Check Cashing,33.9738174,-118.2227708
501,Pico-Union,The Check Cashing Place,33.957857,-118.231333
502,Pico-Union,Cambio Plus Check Cashing & Ria Financial Service,33.9567515,-118.2240168
503,Pico-Union,Golden Check Cashing,33.9141968,-118.2642832
504,Pico-Union,Golden Check Cashing,33.91140499999999,-118.2091959
505,Pico-Union,PLS Check Cashing,33.9281354,-118.2111747
506,Pico-Union,Check 4 Cash,33.943872,-118.1989996
507,Pico-Union,Continental Currency Services,33.974482,-118.229997
508,Pico-Union,Continental Currency Services,33.9603159,-118.2785888
509,Pico-Union,Continental Currency Services,33.9643565,-118.2247405
510,Pico-Union,Cambio Plus Check Cashing,33.975094,-118.25221
511,Pico-Union,Mahogany Check Cashing Services,33.9239814,-118.2539757
512,Pico-Union,PLS Check Cashing,33.9038314,-118.1936754
513,Pico-Union,ACE Cash Express,33.8957653,-118.2364932
514,Pico-Union,Cambio Plus Check Cashing,33.8962183,-118.2028394
515,Pico-Union,CFSC,33.957752,-118.2313743
516,Pico-Union,Continental Currency Services,33.8957464,-118.2227423
517,Pico-Union,Check Into Cash,33.934108,-118.212112
518,Pico-Union,ACE Cash Express,33.89491,-118.2084218
519,Pico-Union,PayPal,33.9816416,-118.2906966
520,Pico-Union,Quick Cash,33.9363311,-118.2086874
521,Pico-Union,"E Money Express, Inc.",33.9789549,-118.1926361
522,Pico-Union,Continental Currency Services,33.9754356,-118.2478928
523,Pico-Union,ACE Cash Express,33.9166444,-118.2642678
524,Pico-Union,Cash N Dash Financial Services,33.901574,-118.2936949
525,Pico-Union,Continental Currency Services,33.97484730000001,-118.2288204
526,Pico-Union,ACE Cash Express,33.9454866,-118.2545413
527,Pico-Union,ACE Cash Express,33.9747715,-118.2925478
528,Pico-Union,ACE Cash Express,33.931801,-118.2830386
529,Pico-Union,Huntington Park Cash Register,33.9767624,-118.2241082
530,Pico-Union,check cashing,33.923188,-118.2661382
531,Pico-Union,Speedy Cash,33.9307061,-118.2830049
532,Pico-Union,Speedy Cash,33.902352,-118.2911113
533,Pico-Union,ACE Cash Express,33.9745699,-118.253023
534,Pico-Union,ACE Cash Express,33.9277169,-118.1842956
535,Pico-Union,ACE Cash Express,33.9284247,-118.1991974
536,Pico-Union,Speedy Cash,33.895589,-118.237151
537,Pico-Union,ACE Cash Express,33.9740478,-118.225665
538,Pico-Union,Speedy Cash,33.9744643,-118.2824592
539,Pico-Union,ACE Cash Express,33.9831505,-118.2912656
540,Pico-Union,ACE Cash Express,33.9744683,-118.2833482
541,Pico-Union,Unipago CA # 20 Check Cashing,34.0900225,-118.2912717
542,Watts,Su Casa De Cambio,34.0361818,-118.187246
543,Watts,PLS Check Cashing,34.0409272,-118.1844221
544,Watts,New Tower Check Cashing Highland Park,34.1079454,-118.1966919
545,Watts,ACE Cash Express,34.1080121,-118.1966793
546,Watts,ACE Cash Express,34.0363753,-118.1916756
547,Watts,ACE Cash Express,34.1059016,-118.1997929
548,Watts,Speedy Cash,34.0581162,-118.271151
549,Watts,Union Check Cashing,34.0493721,-118.3084179
550,Watts,Continental Currency Services,34.0040542,-118.2924109
551,Watts,Check Cashing Center,33.9891839,-118.3312117
552,Watts,Continental Currency Services,34.0401184,-118.3084546
553,Watts,PLS Check Cashing,34.0439627,-118.3085231
554,Watts,Continental Currency Services,34.0109998,-118.3086828
555,Chinatown,ACE Cash Express,34.0475639,-118.3085231
556,Chinatown,Continental Currency Services,34.0480632,-118.3268208
557,Chinatown,Continental Currency Services,33.9883617,-118.2895982
558,Chinatown,"Cash Depot, Inc",34.0257985,-118.3082437
559,Chinatown,Angel Enterprise,34.0155626,-118.2743889
560,Chinatown,Cash Flow Note Investors,34.0047856,-118.3338325
561,Chinatown,Continental Currency Services,34.0404147,-118.3312921
562,Chinatown,Check Into Cash,34.016585,-118.335599
563,Chinatown,ACE Cash Express,33.9887585,-118.3087527
564,Chinatown,ACE Cash Express,34.0103865,-118.3094447
565,Chinatown,Olympic Check Cashing,34.0184026,-118.2064118
566,Chinatown,PLS Check Cashing,34.0445909,-118.276306
567,Chinatown,Mundo Check Cashing #4,34.0474677,-118.2858348
568,Chinatown,City Check Cashers,34.0570666,-118.2915045
569,Chinatown,First Central Check Cashing,34.0040935,-118.2567269
570,Chinatown,The Check Cashing Place,34.0686394,-118.2920126
571,Chinatown,King City Checks,34.0164562,-118.2557433
572,Chinatown,Continental Currency Services,34.0469576,-118.2521516
573,Chinatown,Wely Gra Check Cashing,34.0043166,-118.2426499
574,Chinatown,Go - Plaz Check Cashing,34.0252922,-118.2593423
575,Chinatown,Alameda Check Cashing,34.00244,-118.2399144
576,Chinatown,Color Check Cashing,34.0451162,-118.2529638
577,Chinatown,Continental Currency Services,34.0466833,-118.2070169
578,Chinatown,PLS Check Cashing,34.03421,-118.2164092
579,Chinatown,E Z Check Cashing,34.0192714,-118.2401448
580,Chinatown,Hana Check Cashing,34.021471,-118.271291
581,Chinatown,San Pedro Check Cashing,34.0261711,-118.270844
582,Chinatown,Beverly Kenmore Check Cashing,34.07618739999999,-118.2967989
583,Chinatown,Angel Check Cashing,34.0436526,-118.2555609
584,University Park,avalon quik check,34.00421499999999,-118.2655189
585,University Park,Cosomos Check Cashing,34.02662189999999,-118.2673541
586,University Park,Broadway Check Cashing,34.0733966,-118.2158006
587,University Park,Santee Market Check Cashing,34.0414343,-118.2512
588,University Park,CFSC,34.0686358,-118.2920819
589,University Park,Elite Check Cashing,34.0397584,-118.3010449
590,University Park,Campers Corner,34.0396308,-118.2454618
591,University Park,3rd Street Check Cashing and Loans,34.0692379,-118.295687
592,University Park,Hollystart Check Cashing,34.0427081,-118.2492679
593,University Park,Santa Fe Check Cashing,34.0217574,-118.204345
594,University Park,Third & Normandie Check Cash,34.0691852,-118.2998458
595,University Park,Wally's Market & Check Cashing,34.02629520000001,-118.258562
596,University Park,PLS Check Cashing,34.0436399,-118.2845886
597,University Park,Continental Currency Services,34.0562769,-118.2772124
598,University Park,Paycheck cashing and payday,34.026332,-118.2194249
599,University Park,Rampart Check Cashing,34.0663198,-118.2783037
600,University Park,Su Casa De Cambio,34.0478269,-118.2106577
601,University Park,Any Kind Check Cashing Center,34.0113364,-118.2825148
602,University Park,Via Cash,34.0602746,-118.2753045
603,University Park,CFSC,34.0570665,-118.2914588
604,University Park,Plaza Check Cashing,34.039774,-118.2921629
605,University Park,ACE Cash Express,34.0111014,-118.2922409
606,University Park,Downtown Check Services,34.0230651,-118.2702647
607,University Park,Unipago Check Cashing,34.004089,-118.2567933
608,University Park,Sun's Cash Express,34.0320688,-118.2594819
609,University Park,New Hampshire Check Cashing,34.0693318,-118.2925028
610,University Park,Wilshire Medical Center,34.0615041,-118.2899015
611,University Park,ACE Cash Express,34.0581254,-118.2720296
612,University Park,Cash It Here Inc,34.0562769,-118.2772124
613,University Park,Order Express,34.03262220000001,-118.2444346
614,University Park,J W Processing,34.0557407,-118.2896316
615,University Park,Mundo Check Cashing #3,34.0241103,-118.1915225
616,University Park,PLS Check Cashiers,34.0445801,-118.2763153
617,University Park,Call For Cash,34.0359084,-118.1927559
618,University Park,Phoenix Check Cashing,34.004089,-118.2567933
619,University Park,ACE Cash Express,34.0768833,-118.2567688
620,University Park,ACE Cash Express,34.0287277,-118.2601184
621,University Park,ACE Cash Express,34.0453645,-118.2768425
622,University Park,ACE Cash Express,34.0444288,-118.2910931
623,University Park,ACE Cash Express,34.07636,-118.2155375
624,University Park,ACE Cash Express,34.0283343,-118.200906
